"CVE","CNA","File","RuleName","ErrorCode","ErrorPath","ErrorText"
"CVE-2026-72594","TuranSec","cvelistV5/cves/2026/72xxx/CVE-2026-72594.json","check-cna-rules-v4-timeline","E019","containers.cna.timeline.0.eventDate","Timeline entry must have an 'eventDate' field"
"CVE-2026-72594","TuranSec","cvelistV5/cves/2026/72xxx/CVE-2026-72594.json","check-cna-rules-v4-timeline","E019","containers.cna.timeline.1.eventDate","Timeline entry must have an 'eventDate' field"
"CVE-2026-72594","TuranSec","cvelistV5/cves/2026/72xxx/CVE-2026-72594.json","check-cna-rules-v4-timeline","E019","containers.cna.timeline.0.event","Timeline entry must have an 'event' field"
"CVE-2026-72594","TuranSec","cvelistV5/cves/2026/72xxx/CVE-2026-72594.json","check-cna-rules-v4-timeline","E019","containers.cna.timeline.1.event","Timeline entry must have an 'event' field"
"CVE-2026-72593","TuranSec","cvelistV5/cves/2026/72xxx/CVE-2026-72593.json","check-cna-rules-v4-timeline","E019","containers.cna.timeline.1.eventDate","Timeline entry must have an 'eventDate' field"
"CVE-2026-72593","TuranSec","cvelistV5/cves/2026/72xxx/CVE-2026-72593.json","check-cna-rules-v4-timeline","E019","containers.cna.timeline.0.event","Timeline entry must have an 'event' field"
"CVE-2026-72593","TuranSec","cvelistV5/cves/2026/72xxx/CVE-2026-72593.json","check-cna-rules-v4-timeline","E019","containers.cna.timeline.1.event","Timeline entry must have an 'event' field"
"CVE-2026-72593","TuranSec","cvelistV5/cves/2026/72xxx/CVE-2026-72593.json","check-cna-rules-v4-timeline","E019","containers.cna.timeline.0.eventDate","Timeline entry must have an 'eventDate' field"
"CVE-2026-72592","TuranSec","cvelistV5/cves/2026/72xxx/CVE-2026-72592.json","check-cna-rules-v4-timeline","E019","containers.cna.timeline.1.eventDate","Timeline entry must have an 'eventDate' field"
"CVE-2026-72592","TuranSec","cvelistV5/cves/2026/72xxx/CVE-2026-72592.json","check-cna-rules-v4-timeline","E019","containers.cna.timeline.0.event","Timeline entry must have an 'event' field"
"CVE-2026-72592","TuranSec","cvelistV5/cves/2026/72xxx/CVE-2026-72592.json","check-cna-rules-v4-timeline","E019","containers.cna.timeline.0.eventDate","Timeline entry must have an 'eventDate' field"
"CVE-2026-72592","TuranSec","cvelistV5/cves/2026/72xxx/CVE-2026-72592.json","check-cna-rules-v4-timeline","E019","containers.cna.timeline.1.event","Timeline entry must have an 'event' field"
"CVE-2026-72591","TuranSec","cvelistV5/cves/2026/72xxx/CVE-2026-72591.json","check-cna-rules-v4-timeline","E019","containers.cna.timeline.1.eventDate","Timeline entry must have an 'eventDate' field"
"CVE-2026-72591","TuranSec","cvelistV5/cves/2026/72xxx/CVE-2026-72591.json","check-cna-rules-v4-timeline","E019","containers.cna.timeline.0.event","Timeline entry must have an 'event' field"
"CVE-2026-72591","TuranSec","cvelistV5/cves/2026/72xxx/CVE-2026-72591.json","check-cna-rules-v4-timeline","E019","containers.cna.timeline.0.eventDate","Timeline entry must have an 'eventDate' field"
"CVE-2026-72591","TuranSec","cvelistV5/cves/2026/72xxx/CVE-2026-72591.json","check-cna-rules-v4-timeline","E019","containers.cna.timeline.1.event","Timeline entry must have an 'event' field"
"CVE-2026-72590","TuranSec","cvelistV5/cves/2026/72xxx/CVE-2026-72590.json","check-cna-rules-v4-timeline","E019","containers.cna.timeline.0.eventDate","Timeline entry must have an 'eventDate' field"
"CVE-2026-72590","TuranSec","cvelistV5/cves/2026/72xxx/CVE-2026-72590.json","check-cna-rules-v4-timeline","E019","containers.cna.timeline.1.eventDate","Timeline entry must have an 'eventDate' field"
"CVE-2026-72590","TuranSec","cvelistV5/cves/2026/72xxx/CVE-2026-72590.json","check-cna-rules-v4-timeline","E019","containers.cna.timeline.1.event","Timeline entry must have an 'event' field"
"CVE-2026-72590","TuranSec","cvelistV5/cves/2026/72xxx/CVE-2026-72590.json","check-cna-rules-v4-timeline","E019","containers.cna.timeline.0.event","Timeline entry must have an 'event' field"
"CVE-2026-72589","TuranSec","cvelistV5/cves/2026/72xxx/CVE-2026-72589.json","check-cna-rules-v4-timeline","E019","containers.cna.timeline.1.eventDate","Timeline entry must have an 'eventDate' field"
"CVE-2026-72589","TuranSec","cvelistV5/cves/2026/72xxx/CVE-2026-72589.json","check-cna-rules-v4-timeline","E019","containers.cna.timeline.1.event","Timeline entry must have an 'event' field"
"CVE-2026-72589","TuranSec","cvelistV5/cves/2026/72xxx/CVE-2026-72589.json","check-cna-rules-v4-timeline","E019","containers.cna.timeline.0.eventDate","Timeline entry must have an 'eventDate' field"
"CVE-2026-72589","TuranSec","cvelistV5/cves/2026/72xxx/CVE-2026-72589.json","check-cna-rules-v4-timeline","E019","containers.cna.timeline.0.event","Timeline entry must have an 'event' field"
"CVE-2026-72588","TuranSec","cvelistV5/cves/2026/72xxx/CVE-2026-72588.json","check-cna-rules-v4-timeline","E019","containers.cna.timeline.0.event","Timeline entry must have an 'event' field"
"CVE-2026-72588","TuranSec","cvelistV5/cves/2026/72xxx/CVE-2026-72588.json","check-cna-rules-v4-timeline","E019","containers.cna.timeline.1.eventDate","Timeline entry must have an 'eventDate' field"
"CVE-2026-72588","TuranSec","cvelistV5/cves/2026/72xxx/CVE-2026-72588.json","check-cna-rules-v4-timeline","E019","containers.cna.timeline.1.event","Timeline entry must have an 'event' field"
"CVE-2026-72588","TuranSec","cvelistV5/cves/2026/72xxx/CVE-2026-72588.json","check-cna-rules-v4-timeline","E019","containers.cna.timeline.0.eventDate","Timeline entry must have an 'eventDate' field"
"CVE-2026-72587","TuranSec","cvelistV5/cves/2026/72xxx/CVE-2026-72587.json","check-cna-rules-v4-timeline","E019","containers.cna.timeline.0.eventDate","Timeline entry must have an 'eventDate' field"
"CVE-2026-72587","TuranSec","cvelistV5/cves/2026/72xxx/CVE-2026-72587.json","check-cna-rules-v4-timeline","E019","containers.cna.timeline.1.eventDate","Timeline entry must have an 'eventDate' field"
"CVE-2026-72587","TuranSec","cvelistV5/cves/2026/72xxx/CVE-2026-72587.json","check-cna-rules-v4-timeline","E019","containers.cna.timeline.1.event","Timeline entry must have an 'event' field"
"CVE-2026-72587","TuranSec","cvelistV5/cves/2026/72xxx/CVE-2026-72587.json","check-cna-rules-v4-timeline","E019","containers.cna.timeline.0.event","Timeline entry must have an 'event' field"
"CVE-2026-72586","TuranSec","cvelistV5/cves/2026/72xxx/CVE-2026-72586.json","check-cna-rules-v4-timeline","E019","containers.cna.timeline.0.event","Timeline entry must have an 'event' field"
"CVE-2026-72586","TuranSec","cvelistV5/cves/2026/72xxx/CVE-2026-72586.json","check-cna-rules-v4-timeline","E019","containers.cna.timeline.1.eventDate","Timeline entry must have an 'eventDate' field"
"CVE-2026-72586","TuranSec","cvelistV5/cves/2026/72xxx/CVE-2026-72586.json","check-cna-rules-v4-timeline","E019","containers.cna.timeline.1.event","Timeline entry must have an 'event' field"
"CVE-2026-72586","TuranSec","cvelistV5/cves/2026/72xxx/CVE-2026-72586.json","check-cna-rules-v4-timeline","E019","containers.cna.timeline.0.eventDate","Timeline entry must have an 'eventDate' field"
"CVE-2026-72585","TuranSec","cvelistV5/cves/2026/72xxx/CVE-2026-72585.json","check-cna-rules-v4-timeline","E019","containers.cna.timeline.0.eventDate","Timeline entry must have an 'eventDate' field"
"CVE-2026-72585","TuranSec","cvelistV5/cves/2026/72xxx/CVE-2026-72585.json","check-cna-rules-v4-timeline","E019","containers.cna.timeline.1.eventDate","Timeline entry must have an 'eventDate' field"
"CVE-2026-72585","TuranSec","cvelistV5/cves/2026/72xxx/CVE-2026-72585.json","check-cna-rules-v4-timeline","E019","containers.cna.timeline.1.event","Timeline entry must have an 'event' field"
"CVE-2026-72585","TuranSec","cvelistV5/cves/2026/72xxx/CVE-2026-72585.json","check-cna-rules-v4-timeline","E019","containers.cna.timeline.0.event","Timeline entry must have an 'event' field"
"CVE-2026-72584","TuranSec","cvelistV5/cves/2026/72xxx/CVE-2026-72584.json","check-cna-rules-v4-timeline","E019","containers.cna.timeline.0.eventDate","Timeline entry must have an 'eventDate' field"
"CVE-2026-72584","TuranSec","cvelistV5/cves/2026/72xxx/CVE-2026-72584.json","check-cna-rules-v4-timeline","E019","containers.cna.timeline.0.event","Timeline entry must have an 'event' field"
"CVE-2026-72584","TuranSec","cvelistV5/cves/2026/72xxx/CVE-2026-72584.json","check-cna-rules-v4-timeline","E019","containers.cna.timeline.1.eventDate","Timeline entry must have an 'eventDate' field"
"CVE-2026-72584","TuranSec","cvelistV5/cves/2026/72xxx/CVE-2026-72584.json","check-cna-rules-v4-timeline","E019","containers.cna.timeline.1.event","Timeline entry must have an 'event' field"
"CVE-2026-72583","TuranSec","cvelistV5/cves/2026/72xxx/CVE-2026-72583.json","check-cna-rules-v4-timeline","E019","containers.cna.timeline.0.eventDate","Timeline entry must have an 'eventDate' field"
"CVE-2026-72583","TuranSec","cvelistV5/cves/2026/72xxx/CVE-2026-72583.json","check-cna-rules-v4-timeline","E019","containers.cna.timeline.0.event","Timeline entry must have an 'event' field"
"CVE-2026-72583","TuranSec","cvelistV5/cves/2026/72xxx/CVE-2026-72583.json","check-cna-rules-v4-timeline","E019","containers.cna.timeline.1.event","Timeline entry must have an 'event' field"
"CVE-2026-72583","TuranSec","cvelistV5/cves/2026/72xxx/CVE-2026-72583.json","check-cna-rules-v4-timeline","E019","containers.cna.timeline.1.eventDate","Timeline entry must have an 'eventDate' field"
"CVE-2026-72582","TuranSec","cvelistV5/cves/2026/72xxx/CVE-2026-72582.json","check-cna-rules-v4-timeline","E019","containers.cna.timeline.0.event","Timeline entry must have an 'event' field"
"CVE-2026-72582","TuranSec","cvelistV5/cves/2026/72xxx/CVE-2026-72582.json","check-cna-rules-v4-timeline","E019","containers.cna.timeline.0.eventDate","Timeline entry must have an 'eventDate' field"
"CVE-2026-72582","TuranSec","cvelistV5/cves/2026/72xxx/CVE-2026-72582.json","check-cna-rules-v4-timeline","E019","containers.cna.timeline.1.eventDate","Timeline entry must have an 'eventDate' field"
"CVE-2026-72582","TuranSec","cvelistV5/cves/2026/72xxx/CVE-2026-72582.json","check-cna-rules-v4-timeline","E019","containers.cna.timeline.1.event","Timeline entry must have an 'event' field"
"CVE-2026-72581","TuranSec","cvelistV5/cves/2026/72xxx/CVE-2026-72581.json","check-cna-rules-v4-timeline","E019","containers.cna.timeline.0.eventDate","Timeline entry must have an 'eventDate' field"
"CVE-2026-72581","TuranSec","cvelistV5/cves/2026/72xxx/CVE-2026-72581.json","check-cna-rules-v4-timeline","E019","containers.cna.timeline.1.eventDate","Timeline entry must have an 'eventDate' field"
"CVE-2026-72581","TuranSec","cvelistV5/cves/2026/72xxx/CVE-2026-72581.json","check-cna-rules-v4-timeline","E019","containers.cna.timeline.0.event","Timeline entry must have an 'event' field"
"CVE-2026-72581","TuranSec","cvelistV5/cves/2026/72xxx/CVE-2026-72581.json","check-cna-rules-v4-timeline","E019","containers.cna.timeline.1.event","Timeline entry must have an 'event' field"
"CVE-2026-72580","TuranSec","cvelistV5/cves/2026/72xxx/CVE-2026-72580.json","check-cna-rules-v4-timeline","E019","containers.cna.timeline.0.event","Timeline entry must have an 'event' field"
"CVE-2026-72580","TuranSec","cvelistV5/cves/2026/72xxx/CVE-2026-72580.json","check-cna-rules-v4-timeline","E019","containers.cna.timeline.1.eventDate","Timeline entry must have an 'eventDate' field"
"CVE-2026-72580","TuranSec","cvelistV5/cves/2026/72xxx/CVE-2026-72580.json","check-cna-rules-v4-timeline","E019","containers.cna.timeline.0.eventDate","Timeline entry must have an 'eventDate' field"
"CVE-2026-72580","TuranSec","cvelistV5/cves/2026/72xxx/CVE-2026-72580.json","check-cna-rules-v4-timeline","E019","containers.cna.timeline.1.event","Timeline entry must have an 'event' field"
"CVE-2026-72579","TuranSec","cvelistV5/cves/2026/72xxx/CVE-2026-72579.json","check-cna-rules-v4-timeline","E019","containers.cna.timeline.1.eventDate","Timeline entry must have an 'eventDate' field"
"CVE-2026-72579","TuranSec","cvelistV5/cves/2026/72xxx/CVE-2026-72579.json","check-cna-rules-v4-timeline","E019","containers.cna.timeline.0.event","Timeline entry must have an 'event' field"
"CVE-2026-72579","TuranSec","cvelistV5/cves/2026/72xxx/CVE-2026-72579.json","check-cna-rules-v4-timeline","E019","containers.cna.timeline.0.eventDate","Timeline entry must have an 'eventDate' field"
"CVE-2026-72579","TuranSec","cvelistV5/cves/2026/72xxx/CVE-2026-72579.json","check-cna-rules-v4-timeline","E019","containers.cna.timeline.1.event","Timeline entry must have an 'event' field"
"CVE-2026-72578","TuranSec","cvelistV5/cves/2026/72xxx/CVE-2026-72578.json","check-cna-rules-v4-timeline","E019","containers.cna.timeline.1.eventDate","Timeline entry must have an 'eventDate' field"
"CVE-2026-72578","TuranSec","cvelistV5/cves/2026/72xxx/CVE-2026-72578.json","check-cna-rules-v4-timeline","E019","containers.cna.timeline.0.event","Timeline entry must have an 'event' field"
"CVE-2026-72578","TuranSec","cvelistV5/cves/2026/72xxx/CVE-2026-72578.json","check-cna-rules-v4-timeline","E019","containers.cna.timeline.1.event","Timeline entry must have an 'event' field"
"CVE-2026-72578","TuranSec","cvelistV5/cves/2026/72xxx/CVE-2026-72578.json","check-cna-rules-v4-timeline","E019","containers.cna.timeline.0.eventDate","Timeline entry must have an 'eventDate' field"
"CVE-2026-72577","TuranSec","cvelistV5/cves/2026/72xxx/CVE-2026-72577.json","check-cna-rules-v4-timeline","E019","containers.cna.timeline.0.event","Timeline entry must have an 'event' field"
"CVE-2026-72577","TuranSec","cvelistV5/cves/2026/72xxx/CVE-2026-72577.json","check-cna-rules-v4-timeline","E019","containers.cna.timeline.0.eventDate","Timeline entry must have an 'eventDate' field"
"CVE-2026-72577","TuranSec","cvelistV5/cves/2026/72xxx/CVE-2026-72577.json","check-cna-rules-v4-timeline","E019","containers.cna.timeline.1.event","Timeline entry must have an 'event' field"
"CVE-2026-72577","TuranSec","cvelistV5/cves/2026/72xxx/CVE-2026-72577.json","check-cna-rules-v4-timeline","E019","containers.cna.timeline.1.eventDate","Timeline entry must have an 'eventDate' field"
"CVE-2026-72576","TuranSec","cvelistV5/cves/2026/72xxx/CVE-2026-72576.json","check-cna-rules-v4-timeline","E019","containers.cna.timeline.0.eventDate","Timeline entry must have an 'eventDate' field"
"CVE-2026-72576","TuranSec","cvelistV5/cves/2026/72xxx/CVE-2026-72576.json","check-cna-rules-v4-timeline","E019","containers.cna.timeline.1.eventDate","Timeline entry must have an 'eventDate' field"
"CVE-2026-72576","TuranSec","cvelistV5/cves/2026/72xxx/CVE-2026-72576.json","check-cna-rules-v4-timeline","E019","containers.cna.timeline.0.event","Timeline entry must have an 'event' field"
"CVE-2026-72576","TuranSec","cvelistV5/cves/2026/72xxx/CVE-2026-72576.json","check-cna-rules-v4-timeline","E019","containers.cna.timeline.1.event","Timeline entry must have an 'event' field"
"CVE-2026-72575","TuranSec","cvelistV5/cves/2026/72xxx/CVE-2026-72575.json","check-cna-rules-v4-timeline","E019","containers.cna.timeline.0.eventDate","Timeline entry must have an 'eventDate' field"
"CVE-2026-72575","TuranSec","cvelistV5/cves/2026/72xxx/CVE-2026-72575.json","check-cna-rules-v4-timeline","E019","containers.cna.timeline.1.eventDate","Timeline entry must have an 'eventDate' field"
"CVE-2026-72575","TuranSec","cvelistV5/cves/2026/72xxx/CVE-2026-72575.json","check-cna-rules-v4-timeline","E019","containers.cna.timeline.0.event","Timeline entry must have an 'event' field"
"CVE-2026-72575","TuranSec","cvelistV5/cves/2026/72xxx/CVE-2026-72575.json","check-cna-rules-v4-timeline","E019","containers.cna.timeline.1.event","Timeline entry must have an 'event' field"
"CVE-2026-72574","TuranSec","cvelistV5/cves/2026/72xxx/CVE-2026-72574.json","check-cna-rules-v4-timeline","E019","containers.cna.timeline.0.event","Timeline entry must have an 'event' field"
"CVE-2026-72574","TuranSec","cvelistV5/cves/2026/72xxx/CVE-2026-72574.json","check-cna-rules-v4-timeline","E019","containers.cna.timeline.1.eventDate","Timeline entry must have an 'eventDate' field"
"CVE-2026-72574","TuranSec","cvelistV5/cves/2026/72xxx/CVE-2026-72574.json","check-cna-rules-v4-timeline","E019","containers.cna.timeline.1.event","Timeline entry must have an 'event' field"
"CVE-2026-72574","TuranSec","cvelistV5/cves/2026/72xxx/CVE-2026-72574.json","check-cna-rules-v4-timeline","E019","containers.cna.timeline.0.eventDate","Timeline entry must have an 'eventDate' field"
"CVE-2026-72573","TuranSec","cvelistV5/cves/2026/72xxx/CVE-2026-72573.json","check-cna-rules-v4-timeline","E019","containers.cna.timeline.1.eventDate","Timeline entry must have an 'eventDate' field"
"CVE-2026-72573","TuranSec","cvelistV5/cves/2026/72xxx/CVE-2026-72573.json","check-cna-rules-v4-timeline","E019","containers.cna.timeline.1.event","Timeline entry must have an 'event' field"
"CVE-2026-72573","TuranSec","cvelistV5/cves/2026/72xxx/CVE-2026-72573.json","check-cna-rules-v4-timeline","E019","containers.cna.timeline.0.eventDate","Timeline entry must have an 'eventDate' field"
"CVE-2026-72573","TuranSec","cvelistV5/cves/2026/72xxx/CVE-2026-72573.json","check-cna-rules-v4-timeline","E019","containers.cna.timeline.0.event","Timeline entry must have an 'event' field"
"CVE-2026-72572","TuranSec","cvelistV5/cves/2026/72xxx/CVE-2026-72572.json","check-cna-rules-v4-timeline","E019","containers.cna.timeline.1.event","Timeline entry must have an 'event' field"
"CVE-2026-72572","TuranSec","cvelistV5/cves/2026/72xxx/CVE-2026-72572.json","check-cna-rules-v4-timeline","E019","containers.cna.timeline.0.eventDate","Timeline entry must have an 'eventDate' field"
"CVE-2026-72572","TuranSec","cvelistV5/cves/2026/72xxx/CVE-2026-72572.json","check-cna-rules-v4-timeline","E019","containers.cna.timeline.0.event","Timeline entry must have an 'event' field"
"CVE-2026-72572","TuranSec","cvelistV5/cves/2026/72xxx/CVE-2026-72572.json","check-cna-rules-v4-timeline","E019","containers.cna.timeline.1.eventDate","Timeline entry must have an 'eventDate' field"
"CVE-2026-72571","TuranSec","cvelistV5/cves/2026/72xxx/CVE-2026-72571.json","check-cna-rules-v4-timeline","E019","containers.cna.timeline.1.eventDate","Timeline entry must have an 'eventDate' field"
"CVE-2026-72571","TuranSec","cvelistV5/cves/2026/72xxx/CVE-2026-72571.json","check-cna-rules-v4-timeline","E019","containers.cna.timeline.0.eventDate","Timeline entry must have an 'eventDate' field"
"CVE-2026-72571","TuranSec","cvelistV5/cves/2026/72xxx/CVE-2026-72571.json","check-cna-rules-v4-timeline","E019","containers.cna.timeline.1.event","Timeline entry must have an 'event' field"
"CVE-2026-72571","TuranSec","cvelistV5/cves/2026/72xxx/CVE-2026-72571.json","check-cna-rules-v4-timeline","E019","containers.cna.timeline.0.event","Timeline entry must have an 'event' field"
"CVE-2026-72570","TuranSec","cvelistV5/cves/2026/72xxx/CVE-2026-72570.json","check-cna-rules-v4-timeline","E019","containers.cna.timeline.1.event","Timeline entry must have an 'event' field"
"CVE-2026-72570","TuranSec","cvelistV5/cves/2026/72xxx/CVE-2026-72570.json","check-cna-rules-v4-timeline","E019","containers.cna.timeline.0.event","Timeline entry must have an 'event' field"
"CVE-2026-72570","TuranSec","cvelistV5/cves/2026/72xxx/CVE-2026-72570.json","check-cna-rules-v4-timeline","E019","containers.cna.timeline.1.eventDate","Timeline entry must have an 'eventDate' field"
"CVE-2026-72570","TuranSec","cvelistV5/cves/2026/72xxx/CVE-2026-72570.json","check-cna-rules-v4-timeline","E019","containers.cna.timeline.0.eventDate","Timeline entry must have an 'eventDate' field"
"CVE-2026-72569","TuranSec","cvelistV5/cves/2026/72xxx/CVE-2026-72569.json","check-cna-rules-v4-timeline","E019","containers.cna.timeline.0.eventDate","Timeline entry must have an 'eventDate' field"
"CVE-2026-72569","TuranSec","cvelistV5/cves/2026/72xxx/CVE-2026-72569.json","check-cna-rules-v4-timeline","E019","containers.cna.timeline.1.eventDate","Timeline entry must have an 'eventDate' field"
"CVE-2026-72569","TuranSec","cvelistV5/cves/2026/72xxx/CVE-2026-72569.json","check-cna-rules-v4-timeline","E019","containers.cna.timeline.0.event","Timeline entry must have an 'event' field"
"CVE-2026-72569","TuranSec","cvelistV5/cves/2026/72xxx/CVE-2026-72569.json","check-cna-rules-v4-timeline","E019","containers.cna.timeline.1.event","Timeline entry must have an 'event' field"
"CVE-2026-72568","TuranSec","cvelistV5/cves/2026/72xxx/CVE-2026-72568.json","check-cna-rules-v4-timeline","E019","containers.cna.timeline.0.eventDate","Timeline entry must have an 'eventDate' field"
"CVE-2026-72568","TuranSec","cvelistV5/cves/2026/72xxx/CVE-2026-72568.json","check-cna-rules-v4-timeline","E019","containers.cna.timeline.1.event","Timeline entry must have an 'event' field"
"CVE-2026-72568","TuranSec","cvelistV5/cves/2026/72xxx/CVE-2026-72568.json","check-cna-rules-v4-timeline","E019","containers.cna.timeline.1.eventDate","Timeline entry must have an 'eventDate' field"
"CVE-2026-72568","TuranSec","cvelistV5/cves/2026/72xxx/CVE-2026-72568.json","check-cna-rules-v4-timeline","E019","containers.cna.timeline.0.event","Timeline entry must have an 'event' field"
"CVE-2026-72567","TuranSec","cvelistV5/cves/2026/72xxx/CVE-2026-72567.json","check-cna-rules-v4-timeline","E019","containers.cna.timeline.0.event","Timeline entry must have an 'event' field"
"CVE-2026-72567","TuranSec","cvelistV5/cves/2026/72xxx/CVE-2026-72567.json","check-cna-rules-v4-timeline","E019","containers.cna.timeline.1.eventDate","Timeline entry must have an 'eventDate' field"
"CVE-2026-72567","TuranSec","cvelistV5/cves/2026/72xxx/CVE-2026-72567.json","check-cna-rules-v4-timeline","E019","containers.cna.timeline.1.event","Timeline entry must have an 'event' field"
"CVE-2026-72567","TuranSec","cvelistV5/cves/2026/72xxx/CVE-2026-72567.json","check-cna-rules-v4-timeline","E019","containers.cna.timeline.0.eventDate","Timeline entry must have an 'eventDate' field"
"CVE-2026-72566","TuranSec","cvelistV5/cves/2026/72xxx/CVE-2026-72566.json","check-cna-rules-v4-timeline","E019","containers.cna.timeline.0.event","Timeline entry must have an 'event' field"
"CVE-2026-72566","TuranSec","cvelistV5/cves/2026/72xxx/CVE-2026-72566.json","check-cna-rules-v4-timeline","E019","containers.cna.timeline.1.event","Timeline entry must have an 'event' field"
"CVE-2026-72566","TuranSec","cvelistV5/cves/2026/72xxx/CVE-2026-72566.json","check-cna-rules-v4-timeline","E019","containers.cna.timeline.0.eventDate","Timeline entry must have an 'eventDate' field"
"CVE-2026-72566","TuranSec","cvelistV5/cves/2026/72xxx/CVE-2026-72566.json","check-cna-rules-v4-timeline","E019","containers.cna.timeline.1.eventDate","Timeline entry must have an 'eventDate' field"
"CVE-2026-72565","TuranSec","cvelistV5/cves/2026/72xxx/CVE-2026-72565.json","check-cna-rules-v4-timeline","E019","containers.cna.timeline.0.event","Timeline entry must have an 'event' field"
"CVE-2026-72565","TuranSec","cvelistV5/cves/2026/72xxx/CVE-2026-72565.json","check-cna-rules-v4-timeline","E019","containers.cna.timeline.1.event","Timeline entry must have an 'event' field"
"CVE-2026-72565","TuranSec","cvelistV5/cves/2026/72xxx/CVE-2026-72565.json","check-cna-rules-v4-timeline","E019","containers.cna.timeline.0.eventDate","Timeline entry must have an 'eventDate' field"
"CVE-2026-72565","TuranSec","cvelistV5/cves/2026/72xxx/CVE-2026-72565.json","check-cna-rules-v4-timeline","E019","containers.cna.timeline.1.eventDate","Timeline entry must have an 'eventDate' field"
"CVE-2026-72564","TuranSec","cvelistV5/cves/2026/72xxx/CVE-2026-72564.json","check-cna-rules-v4-timeline","E019","containers.cna.timeline.1.event","Timeline entry must have an 'event' field"
"CVE-2026-72564","TuranSec","cvelistV5/cves/2026/72xxx/CVE-2026-72564.json","check-cna-rules-v4-timeline","E019","containers.cna.timeline.0.event","Timeline entry must have an 'event' field"
"CVE-2026-72564","TuranSec","cvelistV5/cves/2026/72xxx/CVE-2026-72564.json","check-cna-rules-v4-timeline","E019","containers.cna.timeline.1.eventDate","Timeline entry must have an 'eventDate' field"
"CVE-2026-72564","TuranSec","cvelistV5/cves/2026/72xxx/CVE-2026-72564.json","check-cna-rules-v4-timeline","E019","containers.cna.timeline.0.eventDate","Timeline entry must have an 'eventDate' field"
"CVE-2026-71294","TuranSec","cvelistV5/cves/2026/71xxx/CVE-2026-71294.json","check-custom-version-type","E011","containers.cna.affected.0.versions.0.versionType","Custom versionType should be avoided per CVE schema documentation"
"CVE-2026-71291","TuranSec","cvelistV5/cves/2026/71xxx/CVE-2026-71291.json","check-custom-version-type","E011","containers.cna.affected.0.versions.0.versionType","Custom versionType should be avoided per CVE schema documentation"
"CVE-2026-71289","TuranSec","cvelistV5/cves/2026/71xxx/CVE-2026-71289.json","check-custom-version-type","E011","containers.cna.affected.0.versions.0.versionType","Custom versionType should be avoided per CVE schema documentation"
"CVE-2026-71280","TuranSec","cvelistV5/cves/2026/71xxx/CVE-2026-71280.json","check-custom-version-type","E011","containers.cna.affected.0.versions.0.versionType","Custom versionType should be avoided per CVE schema documentation"
"CVE-2026-71278","TuranSec","cvelistV5/cves/2026/71xxx/CVE-2026-71278.json","check-custom-version-type","E011","containers.cna.affected.0.versions.0.versionType","Custom versionType should be avoided per CVE schema documentation"
"CVE-2026-71277","TuranSec","cvelistV5/cves/2026/71xxx/CVE-2026-71277.json","check-custom-version-type","E011","containers.cna.affected.0.versions.0.versionType","Custom versionType should be avoided per CVE schema documentation"
"CVE-2026-71276","TuranSec","cvelistV5/cves/2026/71xxx/CVE-2026-71276.json","check-custom-version-type","E011","containers.cna.affected.0.versions.0.versionType","Custom versionType should be avoided per CVE schema documentation"
"CVE-2026-71275","TuranSec","cvelistV5/cves/2026/71xxx/CVE-2026-71275.json","check-custom-version-type","E011","containers.cna.affected.0.versions.0.versionType","Custom versionType should be avoided per CVE schema documentation"
"CVE-2026-71274","TuranSec","cvelistV5/cves/2026/71xxx/CVE-2026-71274.json","check-custom-version-type","E011","containers.cna.affected.0.versions.0.versionType","Custom versionType should be avoided per CVE schema documentation"
"CVE-2026-71273","TuranSec","cvelistV5/cves/2026/71xxx/CVE-2026-71273.json","check-custom-version-type","E011","containers.cna.affected.0.versions.0.versionType","Custom versionType should be avoided per CVE schema documentation"
"CVE-2026-71270","TuranSec","cvelistV5/cves/2026/71xxx/CVE-2026-71270.json","check-custom-version-type","E011","containers.cna.affected.0.versions.0.versionType","Custom versionType should be avoided per CVE schema documentation"
"CVE-2026-71269","TuranSec","cvelistV5/cves/2026/71xxx/CVE-2026-71269.json","check-custom-version-type","E011","containers.cna.affected.0.versions.0.versionType","Custom versionType should be avoided per CVE schema documentation"
"CVE-2026-71268","TuranSec","cvelistV5/cves/2026/71xxx/CVE-2026-71268.json","check-custom-version-type","E011","containers.cna.affected.0.versions.0.versionType","Custom versionType should be avoided per CVE schema documentation"
"CVE-2026-71267","TuranSec","cvelistV5/cves/2026/71xxx/CVE-2026-71267.json","check-custom-version-type","E011","containers.cna.affected.0.versions.0.versionType","Custom versionType should be avoided per CVE schema documentation"
"CVE-2026-71266","TuranSec","cvelistV5/cves/2026/71xxx/CVE-2026-71266.json","check-custom-version-type","E011","containers.cna.affected.0.versions.0.versionType","Custom versionType should be avoided per CVE schema documentation"
"CVE-2026-71265","TuranSec","cvelistV5/cves/2026/71xxx/CVE-2026-71265.json","check-custom-version-type","E011","containers.cna.affected.0.versions.0.versionType","Custom versionType should be avoided per CVE schema documentation"
"CVE-2026-71264","TuranSec","cvelistV5/cves/2026/71xxx/CVE-2026-71264.json","check-custom-version-type","E011","containers.cna.affected.0.versions.0.versionType","Custom versionType should be avoided per CVE schema documentation"
"CVE-2026-71263","TuranSec","cvelistV5/cves/2026/71xxx/CVE-2026-71263.json","check-custom-version-type","E011","containers.cna.affected.0.versions.0.versionType","Custom versionType should be avoided per CVE schema documentation"
"CVE-2026-71262","TuranSec","cvelistV5/cves/2026/71xxx/CVE-2026-71262.json","check-custom-version-type","E011","containers.cna.affected.0.versions.0.versionType","Custom versionType should be avoided per CVE schema documentation"
"CVE-2026-71261","TuranSec","cvelistV5/cves/2026/71xxx/CVE-2026-71261.json","check-custom-version-type","E011","containers.cna.affected.0.versions.0.versionType","Custom versionType should be avoided per CVE schema documentation"
"CVE-2026-71243","TuranSec","cvelistV5/cves/2026/71xxx/CVE-2026-71243.json","check-custom-version-type","E011","containers.cna.affected.0.versions.0.versionType","Custom versionType should be avoided per CVE schema documentation"
"CVE-2026-71232","TuranSec","cvelistV5/cves/2026/71xxx/CVE-2026-71232.json","check-custom-version-type","E011","containers.cna.affected.0.versions.0.versionType","Custom versionType should be avoided per CVE schema documentation"
"CVE-2026-71215","TuranSec","cvelistV5/cves/2026/71xxx/CVE-2026-71215.json","check-custom-version-type","E011","containers.cna.affected.0.versions.0.versionType","Custom versionType should be avoided per CVE schema documentation"
"CVE-2026-71213","TuranSec","cvelistV5/cves/2026/71xxx/CVE-2026-71213.json","check-custom-version-type","E011","containers.cna.affected.0.versions.0.versionType","Custom versionType should be avoided per CVE schema documentation"
"CVE-2026-71212","TuranSec","cvelistV5/cves/2026/71xxx/CVE-2026-71212.json","check-custom-version-type","E011","containers.cna.affected.0.versions.0.versionType","Custom versionType should be avoided per CVE schema documentation"
"CVE-2026-71211","TuranSec","cvelistV5/cves/2026/71xxx/CVE-2026-71211.json","check-custom-version-type","E011","containers.cna.affected.0.versions.0.versionType","Custom versionType should be avoided per CVE schema documentation"
"CVE-2026-71209","TuranSec","cvelistV5/cves/2026/71xxx/CVE-2026-71209.json","check-custom-version-type","E011","containers.cna.affected.0.versions.0.versionType","Custom versionType should be avoided per CVE schema documentation"
"CVE-2026-71208","TuranSec","cvelistV5/cves/2026/71xxx/CVE-2026-71208.json","check-custom-version-type","E011","containers.cna.affected.0.versions.0.versionType","Custom versionType should be avoided per CVE schema documentation"
"CVE-2026-71207","TuranSec","cvelistV5/cves/2026/71xxx/CVE-2026-71207.json","check-custom-version-type","E011","containers.cna.affected.0.versions.0.versionType","Custom versionType should be avoided per CVE schema documentation"
"CVE-2026-71202","TuranSec","cvelistV5/cves/2026/71xxx/CVE-2026-71202.json","check-custom-version-type","E011","containers.cna.affected.0.versions.0.versionType","Custom versionType should be avoided per CVE schema documentation"
"CVE-2026-70378","TuranSec","cvelistV5/cves/2026/70xxx/CVE-2026-70378.json","check-custom-version-type","E011","containers.cna.affected.0.versions.0.versionType","Custom versionType should be avoided per CVE schema documentation"
"CVE-2026-70377","TuranSec","cvelistV5/cves/2026/70xxx/CVE-2026-70377.json","check-custom-version-type","E011","containers.cna.affected.0.versions.0.versionType","Custom versionType should be avoided per CVE schema documentation"
"CVE-2026-70376","TuranSec","cvelistV5/cves/2026/70xxx/CVE-2026-70376.json","check-custom-version-type","E011","containers.cna.affected.0.versions.0.versionType","Custom versionType should be avoided per CVE schema documentation"
"CVE-2026-55740","TuranSec","cvelistV5/cves/2026/55xxx/CVE-2026-55740.json","check-custom-version-type","E011","containers.cna.affected.0.versions.0.versionType","Custom versionType should be avoided per CVE schema documentation"
"CVE-2026-54419","TuranSec","cvelistV5/cves/2026/54xxx/CVE-2026-54419.json","check-custom-version-type","E011","containers.cna.affected.0.versions.0.versionType","Custom versionType should be avoided per CVE schema documentation"
"CVE-2026-54418","TuranSec","cvelistV5/cves/2026/54xxx/CVE-2026-54418.json","check-custom-version-type","E011","containers.cna.affected.0.versions.0.versionType","Custom versionType should be avoided per CVE schema documentation"
"CVE-2026-54416","TuranSec","cvelistV5/cves/2026/54xxx/CVE-2026-54416.json","check-custom-version-type","E011","containers.cna.affected.0.versions.0.versionType","Custom versionType should be avoided per CVE schema documentation"
"CVE-2026-31847","TuranSec","cvelistV5/cves/2026/31xxx/CVE-2026-31847.json","check-custom-version-type","E011","containers.cna.affected.0.versions.0.versionType","Custom versionType should be avoided per CVE schema documentation"
"CVE-2026-31842","TuranSec","cvelistV5/cves/2026/31xxx/CVE-2026-31842.json","check-custom-version-type","E011","containers.cna.affected.0.versions.0.versionType","Custom versionType should be avoided per CVE schema documentation"
"CVE-2026-19429","TuranSec","cvelistV5/cves/2026/19xxx/CVE-2026-19429.json","check-cna-rules-v4-timeline","E019","containers.cna.timeline.0.event","Timeline entry must have an 'event' field"
"CVE-2026-19429","TuranSec","cvelistV5/cves/2026/19xxx/CVE-2026-19429.json","check-cna-rules-v4-timeline","E019","containers.cna.timeline.1.event","Timeline entry must have an 'event' field"
"CVE-2026-19429","TuranSec","cvelistV5/cves/2026/19xxx/CVE-2026-19429.json","check-cna-rules-v4-timeline","E019","containers.cna.timeline.2.event","Timeline entry must have an 'event' field"
"CVE-2026-19429","TuranSec","cvelistV5/cves/2026/19xxx/CVE-2026-19429.json","check-cna-rules-v4-timeline","E019","containers.cna.timeline.2.eventDate","Timeline entry must have an 'eventDate' field"
"CVE-2026-19429","TuranSec","cvelistV5/cves/2026/19xxx/CVE-2026-19429.json","check-cna-rules-v4-timeline","E019","containers.cna.timeline.0.eventDate","Timeline entry must have an 'eventDate' field"
"CVE-2026-19429","TuranSec","cvelistV5/cves/2026/19xxx/CVE-2026-19429.json","check-cna-rules-v4-timeline","E019","containers.cna.timeline.1.eventDate","Timeline entry must have an 'eventDate' field"
"CVE-2026-18933","TuranSec","cvelistV5/cves/2026/18xxx/CVE-2026-18933.json","check-custom-version-type","E011","containers.cna.affected.0.versions.0.versionType","Custom versionType should be avoided per CVE schema documentation"
"CVE-2026-4809","TuranSec","cvelistV5/cves/2026/4xxx/CVE-2026-4809.json","check-duplicate-reference-url","E002","containers.cna.references.2.url","Duplicate reference URL: https://github.com/plank/laravel-mediable"
